title,type,id,subtitle,paragraph,image
Industrial Edge Gateway,200A,0,Overview,"We designed and developed a high-performance Edge Gateway and Direct Digital Controller (DDC), engineered for reliable data acquisition, network integration, and real-time control at the edge. This platform enables seamless communication between field devices and higher-level systems, while executing control logic locally for faster response and improved system efficiency. The design focuses on scalability, robustness, and long-term deployment in distributed environments.",/images/products/Apex200b/Apex200b.png
Industrial Edge Gateway,200A,1,Our Contribution,"Complete hardware architecture design and development; Embedded Linux-based system implementation; Multi-interface device and network integration; Real-time data acquisition and edge processing; Scalable platform development for distributed systems",
Industrial Edge Gateway,200A,2,System Highlights,"Multi-functional Edge Platform: Combines gateway functionality, protocol interfacing, and control logic execution; Reliable Communication Backbone: Designed for stable operation across multiple field networks; Edge Intelligence: Enables local decision-making, reducing dependency on central systems; Data Handling & Storage: Supports logging, backup, and historical data management",/images/products/Apex200a/Apex200 A_KS_R00.bip.1.png
Industrial Edge Gateway,200A,3,Technical Specifications,"Processing: Octa-core ARM Cortex-A55 (64-bit) @ 1.8 GHz; Operating System: Embedded Linux; Memory & Storage: 2 GB LPDDR4 RAM | 16 GB eMMC Flash | MicroSD Card Slot (Data logging & backup); Connectivity: 1x Gigabit Ethernet (RJ45) | 1x 100 Mbps Ethernet (RJ45) | 3x RS485 Ports; Wireless & Positioning: 1x GSM | 1x LoRa | 1x GPS; Interfaces: 2x USB Type-A (CLI / Debug Interface)",
Industrial Edge Gateway,200A,4,Outcome,"The Edge Gateway serves as a flexible and future-ready edge platform, enabling efficient system integration, reliable communication, and scalable deployment across complex, multi-device environments.",
Distributed Programmable Controller,NEXIS 1.0,0,Overview,"The Distributed Programmable Controller Series is a modular control and I/O expansion platform designed for scalable, distributed automation systems. It enables seamless integration between edge gateways, controllers, and field devices through a flexible and reliable architecture. Built with a focus on modularity, interoperability, and real-time performance, This allows system designers to expand I/O capacity effortlessly while maintaining robust communication and control.",/images/products/RT-M26/RT-M26-KS_R00.png
Distributed Programmable Controller,NEXIS 1.0,1,Our Contribution,"Complete modular hardware platform design; Development of scalable I/O expansion architecture; Multi-interface signal acquisition and control design; Reliable field communication integration (RS485-based networks); System optimization for distributed control environments",/images/products/RT-M14E/RT-M14E-KS.bip.72.png
Distributed Programmable Controller,NEXIS 1.0,2,Platform Highlights,"Modular Expansion: Plug-and-expand architecture supporting multiple I/O configurations; Flexible I/O Handling: Supports both analog and digital signals within the same ecosystem; Distributed System Design: Enables placement of I/O closer to field devices, reducing wiring complexity; Reliable Communication Backbone: Designed for stable operation across multi-device networks; Real-Time Control Capability: Ensures fast response for monitoring and actuation",/images/products/RT-M14/RT-M14_KS_R00.81.png
Distributed Programmable Controller,NEXIS 1.0,3,I/O Capabilities,"Analog Inputs: Supports voltage, current, and resistive-based sensors; Analog Outputs: Provides control signals such as 0-10V and 4-20mA; Digital Inputs: Supports dry contact and logic-based status signals; Digital Outputs: Enables control of external devices through transistor outputs",/images/products/RT-D16/RT-D16_KS_R00.2.png
Distributed Programmable Controller,NEXIS 1.0,4,System Characteristics,"Scalable architecture for small to large deployments; Designed for robust field operation and noise immunity; Flexible configuration for varied system requirements; Optimized for integration with edge gateways and controllers",
Distributed Programmable Controller,NEXIS 1.0,5,Outcome,"The Distributed Programmable Controller platform demonstrates our capability to build modular, scalable control ecosystems, enabling efficient integration of field-level signals with higher-level systems while ensuring reliability, flexibility, and ease of deployment.",
KTY81/210 to 4-20mA Converter,KTY81/210 to 4-20mA Converter,0,Overview,"We designed and developed a signal converter that translates temperature readings from KTY81-210 sensors into a standardized 4-20mA output, enabling seamless integration with industrial control and monitoring systems. The device ensures accurate and stable signal conditioning, allowing temperature data to be reliably transmitted over long distances with minimal noise impact. It is engineered for consistent performance in demanding environments, making it suitable for real-time monitoring and control applications.",/images/products/KTY81210 TO 4_20mA/OPAMP_SENSE_V1_KS_R00.bip.2.png
KTY81/210 to 4-20mA Converter,KTY81/210 to 4-20mA Converter,1,Key Features,"Sensor Compatibility: Supports KTY81-210 temperature sensors; Standardized Output: Converts temperature readings into industry-standard 4-20mA signals; High Accuracy & Stability: Designed for precise signal conditioning and minimal drift; Noise-Resilient Transmission: Ideal for long-distance signal transmission in industrial environments; Robust Design: Reliable operation across varying environmental conditions",
KTY81/210 to 4-20mA Converter,KTY81/210 to 4-20mA Converter,2,Engineering Highlights,"Optimized signal conditioning and linearization for temperature sensors; Stable analog output generation (4-20mA loop); Designed for low-noise and high-reliability performance; Compact and integration-friendly hardware design",
KTY81/210 to 4-20mA Converter,KTY81/210 to 4-20mA Converter,3,Outcome,"This signal converter enables efficient integration of temperature sensing into control systems, ensuring accurate, real-time data acquisition and improving overall system responsiveness and reliability.",
MODBUS RTU to BACnet MSTP Converter,MODBUS RTU to BACnet MSTP Converter,0,Overview,"We designed and developed a protocol converter that seamlessly bridges communication between Modbus RTU and BACnet MS/TP networks, enabling interoperability between devices operating on different industrial protocols. This solution allows legacy and modern systems to integrate effortlessly, translating data in real-time while maintaining accuracy and communication reliability. It simplifies system integration by eliminating protocol barriers and reducing the complexity of multi-vendor environments.",/images/products/MODBUS/MODBUS_KS_R00.1.png
MODBUS RTU to BACnet MSTP Converter,MODBUS RTU to BACnet MSTP Converter,1,Key Features,"Protocol Bridging: Enables communication between Modbus RTU and BACnet MS/TP devices; Real-Time Data Translation: Ensures accurate and consistent data mapping across protocols; Seamless Integration: Connects heterogeneous systems without major infrastructure changes; Minimal Configuration: Simplifies commissioning and deployment; Reliable Communication: Designed for stable operation in multi-device networks",/images/products/MODBUS/MODBUS_KS_R00.2.png
MODBUS RTU to BACnet MSTP Converter,MODBUS RTU to BACnet MSTP Converter,2,Engineering Highlights,"Robust protocol stack implementation for Modbus RTU and BACnet MS/TP; Efficient data mapping and register translation logic; Optimized for low latency and high communication reliability; Designed to handle multi-device network environments; Scalable architecture for expanding system requirements",
MODBUS RTU to BACnet MSTP Converter,MODBUS RTU to BACnet MSTP Converter,3,Outcome,"This converter enables efficient integration of diverse control systems, allowing seamless data exchange and improving overall system interoperability, flexibility, and performance.",
Nozzle Controller,Nozzle Controller,0,Overview,"We designed and developed a Nozzle Controller capable of managing up to 8 nozzles using PWM-based control, enabling precise and adaptable operation for industrial fluid and spray systems. The controller provides real-time monitoring, communication interfaces, and HMI integration, ensuring intuitive control and system visibility. It is engineered for reliable performance with comprehensive protection mechanisms, delivering safe and consistent operation in demanding environments.",/images/products/NOZZLE CONTROLLER/NOZZLE CONTROLLER_KS_R00.1.png
Nozzle Controller,Nozzle Controller,1,Key Features,"Multi-Nozzle Control: Supports up to 8 nozzles with independent or synchronized operation; PWM-Based Control: Enables precise modulation of flow and actuation control; HMI Integration: User-friendly interface for monitoring, configuration, and control; Real-Time Communication: Supports integration with higher-level systems; Comprehensive Protection: Includes overvoltage, undervoltage, overload, and power protection",/images/products/NOZZLE CONTROLLER/NOZZLE CONTROLLER_KS_R00.2.png
Nozzle Controller,Nozzle Controller,2,Engineering Highlights,"Multi-channel PWM control architecture for fine actuation control; Optimized signal generation for stable and responsive output; Robust power and protection circuit design; Designed for consistent performance under dynamic load conditions; Flexible control logic for configurable operation modes",/images/products/NOZZLE CONTROLLER/NOZZLE CONTROLLER_KS_R00.3.png
Nozzle Controller,Nozzle Controller,3,Outcome,"The Nozzle Controller delivers precise, reliable, and efficient multi-channel control, improving process consistency, reducing manual intervention, and enhancing overall system performance.",/images/products/NOZZLE CONTROLLER/NOZZLE CONTROLLER_KS_R00.4.png
Bio-Dosing Controller,Bio-Dosing Controller,0,Overview,"We designed and developed a Bio-Dosing Controller engineered for precise and consistent spraying of fluid over material surfaces. The system enables accurate dosing control, real-time monitoring, and seamless integration with industrial processes. The controller is optimized to ensure uniform fluid distribution, improving process consistency while minimizing wastage. It combines flexible control logic, intuitive interfacing, and robust hardware design for reliable field operation.",/images/products/BIO DOSING/BIO DOSING_KS_R00.1.png
Bio-Dosing Controller,Bio-Dosing Controller,1,Key Features,"Precision Dosing Control: Ensures accurate and repeatable fluid application; Flexible Control Logic: Supports configurable operation for different process requirements; Multi-Channel Control: Enables control of multiple spray points/nozzles; HMI Integration: Provides an intuitive interface for monitoring and parameter configuration; Real-Time Operation: Allows continuous monitoring and dynamic control adjustments",/images/products/BIO DOSING/BIO DOSING_KS_R00.2.png
Bio-Dosing Controller,Bio-Dosing Controller,2,Engineering Highlights,"Developed a custom control architecture tailored for dosing applications; Implemented timing and sequence-based control strategies for uniform spraying; Optimized fluid delivery accuracy and repeatability; Designed robust I/O handling for sensors and actuators; Ensured stable performance in continuous industrial environments",
Bio-Dosing Controller,Bio-Dosing Controller,3,Outcome,"The Bio-Dosing Controller delivers consistent, controlled, and efficient fluid application, improving process reliability, reducing waste, and enabling better operational control through a compact and scalable solution.",
Solenoid Controller,Solenoid Controller,0,Overview,"We designed and developed a Solenoid Controller engineered to drive solenoid coils using sweep frequency control, enabling optimized performance and improved operational efficiency. The system features an integrated 16x2 LCD display that provides real-time visualization of frequency sweep behavior, system status, fault conditions, and timing parameters. It is designed to offer precise control, enhanced monitoring, and reliable operation in demanding environments.",/images/products/SOLENOID CONTROLLER/SOLENOID CONTROLLER_KS_R00.1.png
Solenoid Controller,Solenoid Controller,1,Key Features,"Sweep Frequency Control: Enables dynamic frequency variation for optimized solenoid performance; Real-Time Visualization: 16x2 LCD displays frequency sweep curve, system status, and faults; Precise Control: Fine-tuned frequency and timing control for consistent operation; Fault Detection: Identifies system abnormalities and ensures safe operation; User-Friendly Interface: Simplifies monitoring and configuration",/images/products/SOLENOID CONTROLLER/SOLENOID CONTROLLER_KS_R00.2.png
Solenoid Controller,Solenoid Controller,2,Engineering Highlights,"Developed frequency sweep generation algorithms for solenoid optimization; Designed stable and efficient coil driving circuitry; Integrated real-time monitoring and fault detection mechanisms; Implemented timing and control logic for repeatable operation; Optimized for reliability under varying load conditions",
Solenoid Controller,Solenoid Controller,3,Outcome,"The Solenoid Controller delivers efficient, precise, and reliable control of solenoid systems, improving performance, enabling better diagnostics, and ensuring consistent operation across applications.",
Inrush Limiter Relay,Inrush Limiter Relay,0,Overview,"We designed and developed an Inrush Limiter Relay to effectively manage and limit high inrush currents during the initial power-up of electrical equipment, ensuring a smooth and controlled startup. The system protects critical components from sudden current surges, reducing electrical stress and enhancing overall system reliability. It is engineered to deliver consistent performance across a wide range of industrial environments.",/images/products/INRUSH/INLR_V1_KS_R00.1.png
Inrush Limiter Relay,Inrush Limiter Relay,1,Key Features,"Inrush Current Limiting: Controls high startup currents to prevent system stress; Smooth Power-Up: Enables gradual and safe energization of equipment; Component Protection: Extends the lifespan of motors, transformers, and power supplies; Reliable Operation: Designed for stable performance in industrial conditions; Compact & Integration-Friendly: Easily integrates into existing electrical systems",/images/products/INRUSH/INLR_V1_KS_R00.2.png
Inrush Limiter Relay,Inrush Limiter Relay,2,Engineering Highlights,"Designed controlled switching mechanism for inrush current management; Optimized for reduced electrical stress during startup; Robust relay and protection circuit design; Ensured consistent performance across varying load conditions; Focused on long-term reliability and safety",
Inrush Limiter Relay,Inrush Limiter Relay,3,Outcome,"The Inrush Limiter Relay enhances system stability by enabling safe and controlled equipment startup, reducing failure risks and improving the longevity of electrical components.",
3-Phase 2500W 6-Pulse Rectifier,3-Phase 2500W 6-Pulse Rectifier,0,Overview,"We designed and developed a 3-phase AC to DC rectifier (6-pulse) to efficiently convert AC input power into stable DC output for industrial applications. The system is engineered for high efficiency, reliable operation, and consistent DC output under varying load conditions. With optimized rectification and filtering, it ensures reduced ripple and improved power quality for downstream systems.",/images/products/3 PHASE 6 PULSE/3_PH_50A_REC_V2_KS_R00.1.png
3-Phase 2500W 6-Pulse Rectifier,3-Phase 2500W 6-Pulse Rectifier,1,Key Features,"6-Pulse Rectification Topology: Efficient conversion of 3-phase AC to DC; Stable DC Output: Designed to deliver consistent voltage under dynamic load conditions; Low Ripple Performance: Optimized filtering for improved output quality; High Efficiency Operation: Minimizes power loss during conversion; Robust Design: Suitable for continuous operation in industrial environments",/images/products/3 PHASE 6 PULSE/3_PH_50A_REC_V2_KS_R00.2.png
3-Phase 2500W 6-Pulse Rectifier,3-Phase 2500W 6-Pulse Rectifier,2,Engineering Highlights,"Implemented 3-phase bridge rectifier topology (6-pulse); Designed filtering stage to reduce output ripple; Optimized for thermal performance and load handling; Ensured stable operation across input variations; Focused on reliability and long-term performance",
3-Phase 2500W 6-Pulse Rectifier,3-Phase 2500W 6-Pulse Rectifier,3,Outcome,"The rectifier provides a reliable and efficient DC power source, improving system stability and ensuring consistent performance for power-driven applications.",
